name,inat_place_id,orgname,fws_region,prop_type
Agassiz National Wildlife Refuge,119142,AGASSIZ NATIONAL WILDLIFE REFUGE,3,NWR
Alamosa National Wildlife Refuge,119140,ALAMOSA NATIONAL WILDLIFE REFUGE,6,NWR
Alaska Maritime National Wildlife Refuge,119149,ALASKA MARITIME NATIONAL WILDLIFE REFUGE,7,NWR
Alaska Peninsula National Wildlife Refuge,119148,ALASKA PENINSULA NATIONAL WILDLIFE REFUGE,7,NWR
Alligator River National Wildlife Refuge,119150,ALLIGATOR RIVER NATIONAL WILDLIFE REFUGE,4,NWR
Amagansett National Wildlife Refuge,119141,AMAGANSETT NATIONAL WILDLIFE REFUGE,5,NWR
Anaho Island National Wildlife Refuge,119151,ANAHO ISLAND NATIONAL WILDLIFE REFUGE,8,NWR
Anahuac National Wildlife Refuge,119688,ANAHUAC NATIONAL WILDLIFE REFUGE,2,NWR
Ankeny National Wildlife Refuge,119152,ANKENY NATIONAL WILDLIFE REFUGE,1,NWR
Antioch Dunes National Wildlife Refuge,119158,ANTIOCH DUNES NATIONAL WILDLIFE REFUGE,8,NWR
Aransas National Wildlife Refuge,119159,ARANSAS NATIONAL WILDLIFE REFUGE,2,NWR
Arapaho National Wildlife Refuge,119166,ARAPAHO NATIONAL WILDLIFE REFUGE,6,NWR
Archie Carr National Wildlife Refuge,119167,ARCHIE CARR NATIONAL WILDLIFE REFUGE,4,NWR
Arctic National Wildlife Refuge,119172,ARCTIC NATIONAL WILDLIFE REFUGE,7,NWR
Ardoch National Wildlife Refuge,119168,ARDOCH NATIONAL WILDLIFE REFUGE,6,NWR
Aroostook National Wildlife Refuge,119169,AROOSTOOK NATIONAL WILDLIFE REFUGE,5,NWR
Arrowwood National Wildlife Refuge,119170,ARROWWOOD NATIONAL WILDLIFE REFUGE,6,NWR
Arrowwood Wetland Management District,119171,ARROWWOOD WETLAND MANAGEMENT DISTRICT,6,WMD
Arthur R. Marshall Loxahatchee National Wildlife Refuge,119160,ARTHUR R. MARSHALL LOXAHATCHEE NATIONAL WILDLIFE REFUGE,4,NWR
Ash Meadows National Wildlife Refuge,119161,ASH MEADOWS NATIONAL WILDLIFE REFUGE,8,NWR
Assabet River National Wildlife Refuge,119162,ASSABET RIVER NATIONAL WILDLIFE REFUGE,5,NWR
Atchafalaya National Wildlife Refuge,119163,ATCHAFALAYA NATIONAL WILDLIFE REFUGE,4,NWR
Attwater Prairie Chicken National Wildlife Refuge,119174,ATTWATER PRAIRIE CHICKEN NATIONAL WILDLIFE REFUGE,2,NWR
Audubon National Wildlife Refuge,119175,AUDUBON NATIONAL WILDLIFE REFUGE,6,NWR
Audubon Wetland Management District,119176,AUDUBON WETLAND MANAGEMENT DISTRICT,6,WMD
Baca National Wildlife Refuge,119178,BACA NATIONAL WILDLIFE REFUGE,6,NWR
Back Bay National Wildlife Refuge,119179,BACK BAY NATIONAL WILDLIFE REFUGE,5,NWR
Baker Island National Wildlife Refuge,119184,BAKER ISLAND NATIONAL WILDLIFE REFUGE,1,NWR
Balcones Canyonlands National Wildlife Refuge,119185,BALCONES CANYONLANDS NATIONAL WILDLIFE REFUGE,2,NWR
Bald Knob National Wildlife Refuge,119186,BALD KNOB NATIONAL WILDLIFE REFUGE,4,NWR
Bamforth National Wildlife Refuge,119187,BAMFORTH NATIONAL WILDLIFE REFUGE,6,NWR
Bandon Marsh National Wildlife Refuge,119188,BANDON MARSH NATIONAL WILDLIFE REFUGE,1,NWR
Banks Lake National Wildlife Refuge,119189,BANKS LAKE NATIONAL WILDLIFE REFUGE,4,NWR
Baskett Slough National Wildlife Refuge,119190,BASKETT SLOUGH NATIONAL WILDLIFE REFUGE,1,NWR
Bayou Cocodrie National Wildlife Refuge,119191,BAYOU COCODRIE NATIONAL WILDLIFE REFUGE,4,NWR
Bayou Sauvage National Wildlife Refuge,119192,BAYOU SAUVAGE NATIONAL WILDLIFE REFUGE,4,NWR
Bayou Teche National Wildlife Refuge,119196,BAYOU TECHE NATIONAL WILDLIFE REFUGE,4,NWR
Bear Butte National Wildlife Refuge,119197,BEAR BUTTE NATIONAL WILDLIFE REFUGE,6,NWR
Bear Lake National Wildlife Refuge,119203,BEAR LAKE NATIONAL WILDLIFE REFUGE,1,NWR
Bear River Migratory Bird Refuge,119204,BEAR RIVER MIGRATORY BIRD REFUGE,6,NWR
Bear Valley National Wildlife Refuge,119205,BEAR VALLEY NATIONAL WILDLIFE REFUGE,8,NWR
Becharof National Wildlife Refuge,119206,BECHAROF NATIONAL WILDLIFE REFUGE,7,NWR
Beltrami Wildlife Management Area,119207,BELTRAMI WILDLIFE MANAGEMENT AREA,3,WMA
Benton Lake National Wildlife Refuge,119208,BENTON LAKE NATIONAL WILDLIFE REFUGE,6,NWR
Benton Lake Wetland Management District,119209,BENTON LAKE WETLAND MANAGEMENT DISTRICT,6,WMD
Big Boggy National Wildlife Refuge,119198,BIG BOGGY NATIONAL WILDLIFE REFUGE,2,NWR
Big Branch Marsh National Wildlife Refuge,119199,BIG BRANCH MARSH NATIONAL WILDLIFE REFUGE,4,NWR
Big Lake National Wildlife Refuge,119200,BIG LAKE NATIONAL WILDLIFE REFUGE,4,NWR
Big Muddy National Fish And Wildlife Refuge,119201,BIG MUDDY NATIONAL FISH AND WILDLIFE REFUGE,3,NWR
Big Oaks National Wildlife Refuge,119202,BIG OAKS NATIONAL WILDLIFE REFUGE,3,NWR
Big Stone National Wildlife Refuge,119210,BIG STONE NATIONAL WILDLIFE REFUGE,3,NWR
Big Stone Wetland Management District,119211,BIG STONE WETLAND MANAGEMENT DISTRICT,3,WMD
Bill Williams River National Wildlife Refuge,119213,BILL WILLIAMS RIVER NATIONAL WILDLIFE REFUGE,2,NWR
Billy Frank Jr. Nisqually National Wildlife Refuge,119214,BILLY FRANK JR. NISQUALLY NATIONAL WILDLIFE REFUGE,1,NWR
Bitter Creek National Wildlife Refuge,119215,BITTER CREEK NATIONAL WILDLIFE REFUGE,8,NWR
Bitter Lake National Wildlife Refuge,119216,BITTER LAKE NATIONAL WILDLIFE REFUGE,2,NWR
Black Bayou Lake National Wildlife Refuge,119218,BLACK BAYOU LAKE NATIONAL WILDLIFE REFUGE,4,NWR
Black Coulee National Wildlife Refuge,119219,BLACK COULEE NATIONAL WILDLIFE REFUGE,6,NWR
Blackbeard Island National Wildlife Refuge,119220,BLACKBEARD ISLAND NATIONAL WILDLIFE REFUGE,4,NWR
Blackwater National Wildlife Refuge,119221,BLACKWATER NATIONAL WILDLIFE REFUGE,5,NWR
Block Island National Wildlife Refuge,119225,BLOCK ISLAND NATIONAL WILDLIFE REFUGE,5,NWR
Blue Ridge National Wildlife Refuge,119226,BLUE RIDGE NATIONAL WILDLIFE REFUGE,8,NWR
Bogue Chitto National Wildlife Refuge,119227,BOGUE CHITTO NATIONAL WILDLIFE REFUGE,4,NWR
Bombay Hook National Wildlife Refuge,119228,BOMBAY HOOK NATIONAL WILDLIFE REFUGE,5,NWR
Bon Secour National Wildlife Refuge,119229,BON SECOUR NATIONAL WILDLIFE REFUGE,4,NWR
Bond Swamp National Wildlife Refuge,119230,BOND SWAMP NATIONAL WILDLIFE REFUGE,4,NWR
Bosque Del Apache National Wildlife Refuge,119222,BOSQUE DEL APACHE NATIONAL WILDLIFE REFUGE,2,NWR
Bowdoin National Wildlife Refuge,119223,BOWDOIN NATIONAL WILDLIFE REFUGE,6,NWR
Bowdoin Wetland Management District,119224,BOWDOIN WETLAND MANAGEMENT DISTRICT,6,WMD
Boyer Chute National Wildlife Refuge,119231,BOYER CHUTE NATIONAL WILDLIFE REFUGE,3,NWR
Brazoria National Wildlife Refuge,119232,BRAZORIA NATIONAL WILDLIFE REFUGE,2,NWR
Breton National Wildlife Refuge,119233,BRETON NATIONAL WILDLIFE REFUGE,4,NWR
Browns Park National Wildlife Refuge,119234,BROWNS PARK NATIONAL WILDLIFE REFUGE,6,NWR
Buck Island National Wildlife Refuge,119239,BUCK ISLAND NATIONAL WILDLIFE REFUGE,4,NWR
Buenos Aires National Wildlife Refuge,119240,BUENOS AIRES NATIONAL WILDLIFE REFUGE,2,NWR
Buffalo Lake National Wildlife Refuge,119241,BUFFALO LAKE NATIONAL WILDLIFE REFUGE,2,NWR
Butte Sink Wildlife Management Area,119242,BUTTE SINK WILDLIFE MANAGEMENT AREA,8,WMA
Cabeza Prieta National Wildlife Refuge,119235,CABEZA PRIETA NATIONAL WILDLIFE REFUGE,2,NWR
Cabo Rojo National Wildlife Refuge,119236,CABO ROJO NATIONAL WILDLIFE REFUGE,4,NWR
Cache River National Wildlife Refuge,119691,CACHE RIVER NATIONAL WILDLIFE REFUGE,4,NWR
Caddo Lake National Wildlife Refuge,119237,CADDO LAKE NATIONAL WILDLIFE REFUGE,2,NWR
Cahaba River National Wildlife Refuge,119238,CAHABA RIVER NATIONAL WILDLIFE REFUGE,4,NWR
Caloosahatchee National Wildlife Refuge,119243,CALOOSAHATCHEE NATIONAL WILDLIFE REFUGE,4,NWR
Camas National Wildlife Refuge,119244,CAMAS NATIONAL WILDLIFE REFUGE,1,NWR
Cameron Prairie National Wildlife Refuge,119245,CAMERON PRAIRIE NATIONAL WILDLIFE REFUGE,4,NWR
Canaan Valley National Wildlife Refuge,119246,CANAAN VALLEY NATIONAL WILDLIFE REFUGE,5,NWR
Canfield Lake National Wildlife Refuge,119247,CANFIELD LAKE NATIONAL WILDLIFE REFUGE,6,NWR
Cape May National Wildlife Refuge,119248,CAPE MAY NATIONAL WILDLIFE REFUGE,5,NWR
Cape Meares National Wildlife Refuge,119249,CAPE MEARES NATIONAL WILDLIFE REFUGE,1,NWR
Cape Romain National Wildlife Refuge,119250,CAPE ROMAIN NATIONAL WILDLIFE REFUGE,4,NWR
Carolina Sandhills National Wildlife Refuge,119251,CAROLINA SANDHILLS NATIONAL WILDLIFE REFUGE,4,NWR
Castle Rock National Wildlife Refuge,119252,CASTLE ROCK NATIONAL WILDLIFE REFUGE,8,NWR
Cat Island National Wildlife Refuge,119254,CAT ISLAND NATIONAL WILDLIFE REFUGE,4,NWR
Catahoula National Wildlife Refuge,119255,CATAHOULA NATIONAL WILDLIFE REFUGE,4,NWR
Cedar Island National Wildlife Refuge,119256,CEDAR ISLAND NATIONAL WILDLIFE REFUGE,4,NWR
Cedar Keys National Wildlife Refuge,119257,CEDAR KEYS NATIONAL WILDLIFE REFUGE,4,NWR
Cedar Point National Wildlife Refuge,119177,CEDAR POINT NATIONAL WILDLIFE REFUGE,3,NWR
Charles M. Russell National Wildlife Refuge,119689,CHARLES M. RUSSELL NATIONAL WILDLIFE REFUGE,6,NWR
Charles M. Russell Wetland Management District,119180,CHARLES M. RUSSELL WETLAND MANAGEMENT DISTRICT,6,WMD
Chase Lake National Wildlife Refuge,119181,CHASE LAKE NATIONAL WILDLIFE REFUGE,6,NWR
Chase Lake Wetland Management District,119182,CHASE LAKE WETLAND MANAGEMENT DISTRICT,6,WMD
Chassahowitzka National Wildlife Refuge,119183,CHASSAHOWITZKA NATIONAL WILDLIFE REFUGE,4,NWR
Chautauqua National Wildlife Refuge,119259,CHAUTAUQUA NATIONAL WILDLIFE REFUGE,3,NWR
Cherry Valley National Wildlife Refuge,119261,CHERRY VALLEY NATIONAL WILDLIFE REFUGE,5,NWR
Chickasaw National Wildlife Refuge,119262,CHICKASAW NATIONAL WILDLIFE REFUGE,4,NWR
Chincoteague National Wildlife Refuge,119263,CHINCOTEAGUE NATIONAL WILDLIFE REFUGE,5,NWR
Choctaw National Wildlife Refuge,119265,CHOCTAW NATIONAL WILDLIFE REFUGE,4,NWR
Cibola National Wildlife Refuge,119266,CIBOLA NATIONAL WILDLIFE REFUGE,2,NWR
Clarence Cannon National Wildlife Refuge,119193,CLARENCE CANNON NATIONAL WILDLIFE REFUGE,3,NWR
Clarks River National Wildlife Refuge,119194,CLARKS RIVER NATIONAL WILDLIFE REFUGE,4,NWR
Clear Lake National Wildlife Refuge,119195,CLEAR LAKE NATIONAL WILDLIFE REFUGE,8,NWR
Coachella Valley National Wildlife Refuge,119264,COACHELLA VALLEY NATIONAL WILDLIFE REFUGE,8,NWR
Cokeville Meadows National Wildlife Refuge,119269,COKEVILLE MEADOWS NATIONAL WILDLIFE REFUGE,6,NWR
Cold Springs National Wildlife Refuge,119270,COLD SPRINGS NATIONAL WILDLIFE REFUGE,1,NWR
Coldwater River National Wildlife Refuge,119267,COLDWATER RIVER NATIONAL WILDLIFE REFUGE,4,NWR
Colorado River Wildlife Management Area,119268,COLORADO RIVER WILDLIFE MANAGEMENT AREA,6,WMA
Columbia National Wildlife Refuge,119271,COLUMBIA NATIONAL WILDLIFE REFUGE,1,NWR
Colusa National Wildlife Refuge,119272,COLUSA NATIONAL WILDLIFE REFUGE,8,NWR
Conboy Lake National Wildlife Refuge,119273,CONBOY LAKE NATIONAL WILDLIFE REFUGE,1,NWR
Conscience Point National Wildlife Refuge,119274,CONSCIENCE POINT NATIONAL WILDLIFE REFUGE,5,NWR
Copalis National Wildlife Refuge,119275,COPALIS NATIONAL WILDLIFE REFUGE,1,NWR
Crab Orchard National Wildlife Refuge,119276,CRAB ORCHARD NATIONAL WILDLIFE REFUGE,3,NWR
Crane Meadows National Wildlife Refuge,119277,CRANE MEADOWS NATIONAL WILDLIFE REFUGE,3,NWR
Creedman Coulee National Wildlife Refuge,119278,CREEDMAN COULEE NATIONAL WILDLIFE REFUGE,6,NWR
Crescent Lake National Wildlife Refuge,119279,CRESCENT LAKE NATIONAL WILDLIFE REFUGE,6,NWR
Crocodile Lake National Wildlife Refuge,119280,CROCODILE LAKE NATIONAL WILDLIFE REFUGE,4,NWR
Crosby Wetland Management District,119281,CROSBY WETLAND MANAGEMENT DISTRICT,6,WMD
Cross Creeks National Wildlife Refuge,119282,CROSS CREEKS NATIONAL WILDLIFE REFUGE,4,NWR
Cross Island National Wildlife Refuge,119283,CROSS ISLAND NATIONAL WILDLIFE REFUGE,5,NWR
Crystal River National Wildlife Refuge,119288,CRYSTAL RIVER NATIONAL WILDLIFE REFUGE,4,NWR
Culebra National Wildlife Refuge,119289,CULEBRA NATIONAL WILDLIFE REFUGE,4,NWR
Currituck National Wildlife Refuge,119290,CURRITUCK NATIONAL WILDLIFE REFUGE,4,NWR
Cypress Creek National Wildlife Refuge,119291,CYPRESS CREEK NATIONAL WILDLIFE REFUGE,3,NWR
D'Arbonne National Wildlife Refuge,119292,D'ARBONNE NATIONAL WILDLIFE REFUGE,4,NWR
Dahomey National Wildlife Refuge,119284,DAHOMEY NATIONAL WILDLIFE REFUGE,4,NWR
Dale Bumpers White River National Wildlife Refuge,119285,DALE BUMPERS WHITE RIVER NATIONAL WILDLIFE REFUGE,4,NWR
Deep Fork National Wildlife Refuge,119286,DEEP FORK NATIONAL WILDLIFE REFUGE,2,NWR
Deer Flat National Wildlife Refuge,119287,DEER FLAT NATIONAL WILDLIFE REFUGE,1,NWR
Delevan National Wildlife Refuge,119153,DELEVAN NATIONAL WILDLIFE REFUGE,8,NWR
Delta National Wildlife Refuge,119156,DELTA NATIONAL WILDLIFE REFUGE,4,NWR
Des Lacs National Wildlife Refuge,119154,DES LACS NATIONAL WILDLIFE REFUGE,6,NWR
Desecheo National Wildlife Refuge,119155,DESECHEO NATIONAL WILDLIFE REFUGE,4,NWR
Desert National Wildlife Range,119164,DESERT NATIONAL WILDLIFE RANGE,8,NWR
Desoto National Wildlife Refuge,119293,DESOTO NATIONAL WILDLIFE REFUGE,3,NWR
Detroit Lakes Wetland Management District,119294,DETROIT LAKES WETLAND MANAGEMENT DISTRICT,3,WMD
Detroit River International Wildlife Refuge,119295,DETROIT RIVER INTERNATIONAL WILDLIFE REFUGE,3,NWR
Devils Lake Wetland Management District,119296,DEVILS LAKE WETLAND MANAGEMENT DISTRICT,6,WMD
Don Edwards San Francisco Bay National Wildlife Refuge,119297,DON EDWARDS SAN FRANCISCO BAY NATIONAL WILDLIFE REFUGE,8,NWR
Driftless Area National Wildlife Refuge,119300,DRIFTLESS AREA NATIONAL WILDLIFE REFUGE,3,NWR
Dungeness National Wildlife Refuge,119301,DUNGENESS NATIONAL WILDLIFE REFUGE,1,NWR
Eastern Neck National Wildlife Refuge,119302,EASTERN NECK NATIONAL WILDLIFE REFUGE,5,NWR
Eastern Shore Of Virginia National Wildlife Refuge,119303,EASTERN SHORE OF VIRGINIA NATIONAL WILDLIFE REFUGE,5,NWR
Edwin B. Forsythe National Wildlife Refuge,119304,EDWIN B. FORSYTHE NATIONAL WILDLIFE REFUGE,5,NWR
Egmont Key National Wildlife Refuge,119298,EGMONT KEY NATIONAL WILDLIFE REFUGE,4,NWR
Elizabeth Alexandra Morton National Wildlife Refuge,119299,ELIZABETH ALEXANDRA MORTON NATIONAL WILDLIFE REFUGE,5,NWR
Ellicott Slough National Wildlife Refuge,119305,ELLICOTT SLOUGH NATIONAL WILDLIFE REFUGE,8,NWR
Emiquon National Wildlife Refuge,119311,EMIQUON NATIONAL WILDLIFE REFUGE,3,NWR
Erie National Wildlife Refuge,119312,ERIE NATIONAL WILDLIFE REFUGE,5,NWR
Ernest F. Hollings Ace Basin National Wildlife Refuge,119313,ERNEST F. HOLLINGS ACE BASIN NATIONAL WILDLIFE REFUGE,4,NWR
Eufaula National Wildlife Refuge,119314,EUFAULA NATIONAL WILDLIFE REFUGE,4,NWR
Everglades Headwaters National Wildlife Refuge And Conservation Area,119316,EVERGLADES HEADWATERS NATIONAL WILDLIFE REFUGE AND CONSERVATION AREA,4,NWR
Fallon National Wildlife Refuge,119317,FALLON NATIONAL WILDLIFE REFUGE,8,NWR
Farallon National Wildlife Refuge,119318,FARALLON NATIONAL WILDLIFE REFUGE,8,NWR
Featherstone National Wildlife Refuge,119319,FEATHERSTONE NATIONAL WILDLIFE REFUGE,5,NWR
Felsenthal National Wildlife Refuge,119320,FELSENTHAL NATIONAL WILDLIFE REFUGE,4,NWR
Fergus Falls Wetland Management District,119321,FERGUS FALLS WETLAND MANAGEMENT DISTRICT,3,WMD
Fern Cave National Wildlife Refuge,119306,FERN CAVE NATIONAL WILDLIFE REFUGE,4,NWR
Fish Springs National Wildlife Refuge,119307,FISH SPRINGS NATIONAL WILDLIFE REFUGE,6,NWR
Fisherman Island National Wildlife Refuge,119326,FISHERMAN ISLAND NATIONAL WILDLIFE REFUGE,5,NWR
Flattery Rocks National Wildlife Refuge,119327,FLATTERY ROCKS NATIONAL WILDLIFE REFUGE,1,NWR
Flint Hills National Wildlife Refuge,119329,FLINT HILLS NATIONAL WILDLIFE REFUGE,6,NWR
Florence Lake National Wildlife Refuge,119328,FLORENCE LAKE NATIONAL WILDLIFE REFUGE,6,NWR
Florida Panther National Wildlife Refuge,119217,FLORIDA PANTHER NATIONAL WILDLIFE REFUGE,4,NWR
Fort Niobrara National Wildlife Refuge,119253,FORT NIOBRARA NATIONAL WILDLIFE REFUGE,6,NWR
Fox River National Wildlife Refuge,119330,FOX RIVER NATIONAL WILDLIFE REFUGE,3,NWR
Franklin Island National Wildlife Refuge,119331,FRANKLIN ISLAND NATIONAL WILDLIFE REFUGE,5,NWR
Franz Lake National Wildlife Refuge,119332,FRANZ LAKE NATIONAL WILDLIFE REFUGE,1,NWR
Glacial Ridge National Wildlife Refuge,119333,GLACIAL RIDGE NATIONAL WILDLIFE REFUGE,3,NWR
Grand Bay National Wildlife Refuge,119143,GRAND BAY NATIONAL WILDLIFE REFUGE,4,NWR
Grand Cote National Wildlife Refuge,119144,GRAND COTE NATIONAL WILDLIFE REFUGE,4,NWR
Grass Lake National Wildlife Refuge,119145,GRASS LAKE NATIONAL WILDLIFE REFUGE,6,NWR
Grasslands Wildlife Management Area,119146,GRASSLANDS WILDLIFE MANAGEMENT AREA,8,WMA
Gravel Island National Wildlife Refuge,119260,GRAVEL ISLAND NATIONAL WILDLIFE REFUGE,3,NWR
Grays Harbor National Wildlife Refuge,119308,GRAYS HARBOR NATIONAL WILDLIFE REFUGE,1,NWR
Grays Lake National Wildlife Refuge,119334,GRAYS LAKE NATIONAL WILDLIFE REFUGE,1,NWR
Great Bay National Wildlife Refuge,119335,GREAT BAY NATIONAL WILDLIFE REFUGE,5,NWR
Great Dismal Swamp National Wildlife Refuge,119336,GREAT DISMAL SWAMP NATIONAL WILDLIFE REFUGE,5,NWR
Great Meadows National Wildlife Refuge,119337,GREAT MEADOWS NATIONAL WILDLIFE REFUGE,5,NWR
Great River National Wildlife Refuge,119338,GREAT RIVER NATIONAL WILDLIFE REFUGE,3,NWR
Great Swamp National Wildlife Refuge,119339,GREAT SWAMP NATIONAL WILDLIFE REFUGE,5,NWR
Great White Heron National Wildlife Refuge,119340,GREAT WHITE HERON NATIONAL WILDLIFE REFUGE,4,NWR
Green Bay National Wildlife Refuge,119341,GREEN BAY NATIONAL WILDLIFE REFUGE,3,NWR
Green Cay National Wildlife Refuge,119258,GREEN CAY NATIONAL WILDLIFE REFUGE,4,NWR
Grulla National Wildlife Refuge,119309,GRULLA NATIONAL WILDLIFE REFUGE,2,NWR
Guadalupe-Nipomo Dunes National Wildlife Refuge,119310,GUADALUPE-NIPOMO DUNES NATIONAL WILDLIFE REFUGE,8,NWR
Guam National Wildlife Refuge,119342,GUAM NATIONAL WILDLIFE REFUGE,1,NWR
Hackmatack National Wildlife Refuge,119343,HACKMATACK NATIONAL WILDLIFE REFUGE,3,NWR
Hagerman National Wildlife Refuge,119344,HAGERMAN NATIONAL WILDLIFE REFUGE,2,NWR
Hailstone National Wildlife Refuge,119345,HAILSTONE NATIONAL WILDLIFE REFUGE,6,NWR
Hakalau Forest National Wildlife Refuge,119346,HAKALAU FOREST NATIONAL WILDLIFE REFUGE,1,NWR
Hamden Slough National Wildlife Refuge,119347,HAMDEN SLOUGH NATIONAL WILDLIFE REFUGE,3,NWR
Hanalei National Wildlife Refuge,119348,HANALEI NATIONAL WILDLIFE REFUGE,1,NWR
Handy Brake National Wildlife Refuge,119349,HANDY BRAKE NATIONAL WILDLIFE REFUGE,4,NWR
Harbor Island National Wildlife Refuge,119350,HARBOR ISLAND NATIONAL WILDLIFE REFUGE,3,NWR
Harris Neck National Wildlife Refuge,119351,HARRIS NECK NATIONAL WILDLIFE REFUGE,4,NWR
Hart Mountain National Antelope Refuge,119352,HART MOUNTAIN NATIONAL ANTELOPE REFUGE,1,NWR
Hatchie National Wildlife Refuge,119353,HATCHIE NATIONAL WILDLIFE REFUGE,4,NWR
Havasu National Wildlife Refuge,119354,HAVASU NATIONAL WILDLIFE REFUGE,2,NWR
Hawaiian Islands National Wildlife Refuge,119355,HAWAIIAN ISLANDS NATIONAL WILDLIFE REFUGE,1,NWR
Hewitt Lake National Wildlife Refuge,119356,HEWITT LAKE NATIONAL WILDLIFE REFUGE,6,NWR
Hillside National Wildlife Refuge,119357,HILLSIDE NATIONAL WILDLIFE REFUGE,4,NWR
Hobart Lake National Wildlife Refuge,119358,HOBART LAKE NATIONAL WILDLIFE REFUGE,6,NWR
Hobe Sound National Wildlife Refuge,119359,HOBE SOUND NATIONAL WILDLIFE REFUGE,4,NWR
Holla Bend National Wildlife Refuge,119364,HOLLA BEND NATIONAL WILDLIFE REFUGE,4,NWR
Holt Collier National Wildlife Refuge,119365,HOLT COLLIER NATIONAL WILDLIFE REFUGE,4,NWR
Hopper Mountain National Wildlife Refuge,119315,HOPPER MOUNTAIN NATIONAL WILDLIFE REFUGE,8,NWR
Horicon National Wildlife Refuge,119368,HORICON NATIONAL WILDLIFE REFUGE,3,NWR
Howland Island National Wildlife Refuge,119371,HOWLAND ISLAND NATIONAL WILDLIFE REFUGE,1,NWR
Huleia National Wildlife Refuge,119372,HULEIA NATIONAL WILDLIFE REFUGE,1,NWR
Humboldt Bay National Wildlife Refuge,119373,HUMBOLDT BAY NATIONAL WILDLIFE REFUGE,8,NWR
Huron National Wildlife Refuge,119374,HURON NATIONAL WILDLIFE REFUGE,3,NWR
Huron Wetland Management District,119375,HURON WETLAND MANAGEMENT DISTRICT,3,WMD
Hutton Lake National Wildlife Refuge,119380,HUTTON LAKE NATIONAL WILDLIFE REFUGE,6,NWR
Imperial National Wildlife Refuge,119384,IMPERIAL NATIONAL WILDLIFE REFUGE,2,NWR
Innoko National Wildlife Refuge,119386,INNOKO NATIONAL WILDLIFE REFUGE,7,NWR
Iowa Wetland Management District,119385,IOWA WETLAND MANAGEMENT DISTRICT,3,WMD
Iroquois National Wildlife Refuge,119387,IROQUOIS NATIONAL WILDLIFE REFUGE,5,NWR
Island Bay National Wildlife Refuge,119388,ISLAND BAY NATIONAL WILDLIFE REFUGE,4,NWR
Izembek National Wildlife Refuge,119389,IZEMBEK NATIONAL WILDLIFE REFUGE,7,NWR
J. Clark Salyer National Wildlife Refuge,119390,J. CLARK SALYER NATIONAL WILDLIFE REFUGE,6,NWR
J. Clark Salyer Wetland Management District,119322,J. CLARK SALYER WETLAND MANAGEMENT DISTRICT,6,WMD
J. N. Ding Darling National Wildlife Refuge,119323,J. N. DING DARLING NATIONAL WILDLIFE REFUGE,4,NWR
James Campbell National Wildlife Refuge,119324,JAMES CAMPBELL NATIONAL WILDLIFE REFUGE,1,NWR
James River National Wildlife Refuge,119325,JAMES RIVER NATIONAL WILDLIFE REFUGE,5,NWR
Jarvis Island National Wildlife Refuge,119391,JARVIS ISLAND NATIONAL WILDLIFE REFUGE,1,NWR
John H. Chafee National Wildlife Refuge,119392,JOHN H. CHAFEE NATIONAL WILDLIFE REFUGE,5,NWR
John Hay National Wildlife Refuge,119369,JOHN HAY NATIONAL WILDLIFE REFUGE,5,NWR
John Heinz National Wildlife Refuge At Tinicum,119370,JOHN HEINZ NATIONAL WILDLIFE REFUGE AT TINICUM,5,NWR
John W. And Louise Seier National Wildlife Refuge,119376,JOHN W. AND LOUISE SEIER NATIONAL WILDLIFE REFUGE,6,NWR
Johnson Lake National Wildlife Refuge,119377,JOHNSON LAKE NATIONAL WILDLIFE REFUGE,6,NWR
Johnston Atoll National Wildlife Refuge,119378,JOHNSTON ATOLL NATIONAL WILDLIFE REFUGE,1,NWR
Julia Butler Hansen Refuge For The Columbian White-tailed Deer,119379,JULIA BUTLER HANSEN REFUGE FOR THE COLUMBIAN WHITE-TAILED DEER,1,NWR
Kakahaia National Wildlife Refuge,119381,KAKAHAIA NATIONAL WILDLIFE REFUGE,1,NWR
Kankakee National Wildlife Refuge And Conservation Area,119382,KANKAKEE NATIONAL WILDLIFE REFUGE AND CONSERVATION AREA,3,NWR
Kanuti National Wildlife Refuge,119383,KANUTI NATIONAL WILDLIFE REFUGE,7,NWR
Karl E. Mundt National Wildlife Refuge,119393,KARL E. MUNDT NATIONAL WILDLIFE REFUGE,6,NWR
Kealia Pond National Wildlife Refuge,119394,KEALIA POND NATIONAL WILDLIFE REFUGE,1,NWR
Kellys Slough National Wildlife Refuge,119395,KELLYS SLOUGH NATIONAL WILDLIFE REFUGE,6,NWR
Kenai National Wildlife Refuge,119690,KENAI NATIONAL WILDLIFE REFUGE,7,NWR
Kern National Wildlife Refuge,119396,KERN NATIONAL WILDLIFE REFUGE,8,NWR
Key Cave National Wildlife Refuge,119398,KEY CAVE NATIONAL WILDLIFE REFUGE,4,NWR
Key West National Wildlife Refuge,119399,KEY WEST NATIONAL WILDLIFE REFUGE,4,NWR
Kilauea Point National Wildlife Refuge,119400,KILAUEA POINT NATIONAL WILDLIFE REFUGE,1,NWR
Kingman Reef National Wildlife Refuge,119404,KINGMAN REEF NATIONAL WILDLIFE REFUGE,1,NWR
Kirtlands Warbler Wildlife Management Area,119405,KIRTLANDS WARBLER WILDLIFE MANAGEMENT AREA,3,WMA
Kirwin National Wildlife Refuge,119401,KIRWIN NATIONAL WILDLIFE REFUGE,6,NWR
Klamath Marsh National Wildlife Refuge,119407,KLAMATH MARSH NATIONAL WILDLIFE REFUGE,8,NWR
Kodiak National Wildlife Refuge,119414,KODIAK NATIONAL WILDLIFE REFUGE,7,NWR
Kofa National Wildlife Refuge,119408,KOFA NATIONAL WILDLIFE REFUGE,2,NWR
Kootenai National Wildlife Refuge,119409,KOOTENAI NATIONAL WILDLIFE REFUGE,1,NWR
Koyukuk National Wildlife Refuge,119695,KOYUKUK NATIONAL WILDLIFE REFUGE,7,NWR
Kulm Wetland Management District,119410,KULM WETLAND MANAGEMENT DISTRICT,6,WMD
Lacassine National Wildlife Refuge,119411,LACASSINE NATIONAL WILDLIFE REFUGE,4,NWR
Lacreek National Wildlife Refuge,119397,LACREEK NATIONAL WILDLIFE REFUGE,6,NWR
Laguna Atascosa National Wildlife Refuge,119402,LAGUNA ATASCOSA NATIONAL WILDLIFE REFUGE,2,NWR
Laguna Cartagena National Wildlife Refuge,119403,LAGUNA CARTAGENA NATIONAL WILDLIFE REFUGE,4,NWR
Lake Alice National Wildlife Refuge,119406,LAKE ALICE NATIONAL WILDLIFE REFUGE,6,NWR
Lake Andes National Wildlife Refuge,119412,LAKE ANDES NATIONAL WILDLIFE REFUGE,6,NWR
Lake Andes Wetland Management District,119413,LAKE ANDES WETLAND MANAGEMENT DISTRICT,6,WMD
Lake George National Wildlife Refuge,119147,LAKE GEORGE NATIONAL WILDLIFE REFUGE,6,NWR
Lake Ilo National Wildlife Refuge,119415,LAKE ILO NATIONAL WILDLIFE REFUGE,6,NWR
Lake Isom National Wildlife Refuge,119416,LAKE ISOM NATIONAL WILDLIFE REFUGE,4,NWR
Lake Mason National Wildlife Refuge,119417,LAKE MASON NATIONAL WILDLIFE REFUGE,6,NWR
Lake Nettie National Wildlife Refuge,119418,LAKE NETTIE NATIONAL WILDLIFE REFUGE,6,NWR
Lake Ophelia National Wildlife Refuge,119419,LAKE OPHELIA NATIONAL WILDLIFE REFUGE,4,NWR
Lake Thibadeau National Wildlife Refuge,119420,LAKE THIBADEAU NATIONAL WILDLIFE REFUGE,6,NWR
Lake Wales Ridge National Wildlife Refuge,119421,LAKE WALES RIDGE NATIONAL WILDLIFE REFUGE,4,NWR
Lake Woodruff National Wildlife Refuge,119422,LAKE WOODRUFF NATIONAL WILDLIFE REFUGE,4,NWR
Lake Zahl National Wildlife Refuge,119423,LAKE ZAHL NATIONAL WILDLIFE REFUGE,6,NWR
Las Vegas National Wildlife Refuge,119424,LAS VEGAS NATIONAL WILDLIFE REFUGE,2,NWR
Lee Metcalf National Wildlife Refuge,119425,LEE METCALF NATIONAL WILDLIFE REFUGE,6,NWR
Leopold Wetland Management District,119426,LEOPOLD WETLAND MANAGEMENT DISTRICT,3,WMD
Leslie Canyon National Wildlife Refuge,119427,LESLIE CANYON NATIONAL WILDLIFE REFUGE,2,NWR
Lewis And Clark National Wildlife Refuge,119428,LEWIS AND CLARK NATIONAL WILDLIFE REFUGE,1,NWR
Lido Beach Wildlife Management Area,119429,LIDO BEACH WILDLIFE MANAGEMENT AREA,5,WMA
Litchfield Wetland Management District,119430,LITCHFIELD WETLAND MANAGEMENT DISTRICT,3,WMD
Little Pend Oreille National Wildlife Refuge,119431,LITTLE PEND OREILLE NATIONAL WILDLIFE REFUGE,1,NWR
Little River National Wildlife Refuge,119432,LITTLE RIVER NATIONAL WILDLIFE REFUGE,2,NWR
Little Sandy National Wildlife Refuge,119433,LITTLE SANDY NATIONAL WILDLIFE REFUGE,2,NWR
Logan Cave National Wildlife Refuge,119165,LOGAN CAVE NATIONAL WILDLIFE REFUGE,4,NWR
Long Lake National Wildlife Refuge,119435,LONG LAKE NATIONAL WILDLIFE REFUGE,6,NWR
Long Lake Wetland Management District,119436,LONG LAKE WETLAND MANAGEMENT DISTRICT,6,WMD
Lost Trail National Wildlife Refuge,119437,LOST TRAIL NATIONAL WILDLIFE REFUGE,6,NWR
Lostwood National Wildlife Refuge,119438,LOSTWOOD NATIONAL WILDLIFE REFUGE,6,NWR
Lostwood Wetland Management District,119439,LOSTWOOD WETLAND MANAGEMENT DISTRICT,6,WMD
Lower Hatchie National Wildlife Refuge,119440,LOWER HATCHIE NATIONAL WILDLIFE REFUGE,4,NWR
Lower Klamath National Wildlife Refuge,119444,LOWER KLAMATH NATIONAL WILDLIFE REFUGE,8,NWR
Lower Rio Grande Valley National Wildlife Refuge,119445,LOWER RIO GRANDE VALLEY NATIONAL WILDLIFE REFUGE,2,NWR
Lower Suwannee National Wildlife Refuge,119446,LOWER SUWANNEE NATIONAL WILDLIFE REFUGE,4,NWR
Mackay Island National Wildlife Refuge,119447,MACKAY ISLAND NATIONAL WILDLIFE REFUGE,4,NWR
Madison Wetland Management District,119434,MADISON WETLAND MANAGEMENT DISTRICT,6,WMD
Carlton Pond Waterfowl Production Area,119441,CARLTON POND WATERFOWL PRODUCTION AREA,5,WPA
Malheur National Wildlife Refuge,119442,MALHEUR NATIONAL WILDLIFE REFUGE,1,NWR
Mandalay National Wildlife Refuge,119443,MANDALAY NATIONAL WILDLIFE REFUGE,4,NWR
Marais Des Cygnes National Wildlife Refuge,119448,MARAIS DES CYGNES NATIONAL WILDLIFE REFUGE,6,NWR
Mariana Arc Of Fire National Wildlife Refuge,119449,MARIANA ARC OF FIRE NATIONAL WILDLIFE REFUGE,1,NWR
Mariana Trench National Wildlife Refuge,119450,MARIANA TRENCH NATIONAL WILDLIFE REFUGE,1,NWR
Marin Islands National Wildlife Refuge,119451,MARIN ISLANDS NATIONAL WILDLIFE REFUGE,8,NWR
Martin National Wildlife Refuge,119452,MARTIN NATIONAL WILDLIFE REFUGE,5,NWR
Mashpee National Wildlife Refuge,119453,MASHPEE NATIONAL WILDLIFE REFUGE,5,NWR
Mason Neck National Wildlife Refuge,119454,MASON NECK NATIONAL WILDLIFE REFUGE,5,NWR
Massasoit National Wildlife Refuge,119456,MASSASOIT NATIONAL WILDLIFE REFUGE,5,NWR
Mathews Brake National Wildlife Refuge,119458,MATHEWS BRAKE NATIONAL WILDLIFE REFUGE,4,NWR
Matlacha Pass National Wildlife Refuge,119459,MATLACHA PASS NATIONAL WILDLIFE REFUGE,4,NWR
Mattamuskeet National Wildlife Refuge,119460,MATTAMUSKEET NATIONAL WILDLIFE REFUGE,4,NWR
Maxwell National Wildlife Refuge,119455,MAXWELL NATIONAL WILDLIFE REFUGE,2,NWR
Mcfaddin National Wildlife Refuge,119461,MCFADDIN NATIONAL WILDLIFE REFUGE,2,NWR
Mckay Creek National Wildlife Refuge,119462,MCKAY CREEK NATIONAL WILDLIFE REFUGE,1,NWR
Mclean National Wildlife Refuge,119463,MCLEAN NATIONAL WILDLIFE REFUGE,6,NWR
Mcnary National Wildlife Refuge,119464,MCNARY NATIONAL WILDLIFE REFUGE,1,NWR
Medicine Lake National Wildlife Refuge,119465,MEDICINE LAKE NATIONAL WILDLIFE REFUGE,6,NWR
Merced National Wildlife Refuge,119466,MERCED NATIONAL WILDLIFE REFUGE,8,NWR
Meredosia National Wildlife Refuge,119467,MEREDOSIA NATIONAL WILDLIFE REFUGE,3,NWR
Merritt Island National Wildlife Refuge,119468,MERRITT ISLAND NATIONAL WILDLIFE REFUGE,4,NWR
Michigan Islands National Wildlife Refuge,119469,MICHIGAN ISLANDS NATIONAL WILDLIFE REFUGE,3,NWR
Michigan Wetland Management District,119470,MICHIGAN WETLAND MANAGEMENT DISTRICT,3,WMD
Middle Mississippi River National Wildlife Refuge,119471,MIDDLE MISSISSIPPI RIVER NATIONAL WILDLIFE REFUGE,3,NWR
Midway Atoll National Wildlife Refuge,119472,MIDWAY ATOLL NATIONAL WILDLIFE REFUGE,1,NWR
Mille Lacs National Wildlife Refuge,119457,MILLE LACS NATIONAL WILDLIFE REFUGE,3,NWR
Mingo National Wildlife Refuge,119473,MINGO NATIONAL WILDLIFE REFUGE,3,NWR
Minidoka National Wildlife Refuge,119474,MINIDOKA NATIONAL WILDLIFE REFUGE,1,NWR
Minnesota Valley National Wildlife Refuge,119475,MINNESOTA VALLEY NATIONAL WILDLIFE REFUGE,3,NWR
Minnesota Valley Wetland Management District,119476,MINNESOTA VALLEY WETLAND MANAGEMENT DISTRICT,3,WMD
Missisquoi National Wildlife Refuge,119477,MISSISQUOI NATIONAL WILDLIFE REFUGE,5,NWR
Mississippi Sandhill Crane National Wildlife Refuge,119478,MISSISSIPPI SANDHILL CRANE NATIONAL WILDLIFE REFUGE,4,NWR
Moapa Valley National Wildlife Refuge,119479,MOAPA VALLEY NATIONAL WILDLIFE REFUGE,8,NWR
Modoc National Wildlife Refuge,119481,MODOC NATIONAL WILDLIFE REFUGE,8,NWR
Monomoy National Wildlife Refuge,119482,MONOMOY NATIONAL WILDLIFE REFUGE,5,NWR
Monte Vista National Wildlife Refuge,119485,MONTE VISTA NATIONAL WILDLIFE REFUGE,6,NWR
Montezuma National Wildlife Refuge,119486,MONTEZUMA NATIONAL WILDLIFE REFUGE,5,NWR
Moody National Wildlife Refuge,119487,MOODY NATIONAL WILDLIFE REFUGE,2,NWR
Moosehorn National Wildlife Refuge,119488,MOOSEHORN NATIONAL WILDLIFE REFUGE,5,NWR
Morgan Brake National Wildlife Refuge,119493,MORGAN BRAKE NATIONAL WILDLIFE REFUGE,4,NWR
Morris Wetland Management District,119494,MORRIS WETLAND MANAGEMENT DISTRICT,3,WMD
Mortenson Lake National Wildlife Refuge,119480,MORTENSON LAKE NATIONAL WILDLIFE REFUGE,6,NWR
Mountain Bogs National Wildlife Refuge,119483,MOUNTAIN BOGS NATIONAL WILDLIFE REFUGE,4,NWR
Mountain Longleaf National Wildlife Refuge,119484,MOUNTAIN LONGLEAF NATIONAL WILDLIFE REFUGE,4,NWR
Muleshoe National Wildlife Refuge,119489,MULESHOE NATIONAL WILDLIFE REFUGE,2,NWR
Muscatatuck National Wildlife Refuge,119496,MUSCATATUCK NATIONAL WILDLIFE REFUGE,3,NWR
Nansemond National Wildlife Refuge,119497,NANSEMOND NATIONAL WILDLIFE REFUGE,5,NWR
Nantucket National Wildlife Refuge,119498,NANTUCKET NATIONAL WILDLIFE REFUGE,5,NWR
National Bison Range,119499,NATIONAL BISON RANGE,6,NWR
National Elk Refuge,119500,NATIONAL ELK REFUGE,6,NWR
National Key Deer Refuge,119501,NATIONAL KEY DEER REFUGE,4,NWR
Navassa Island National Wildlife Refuge,119502,NAVASSA ISLAND NATIONAL WILDLIFE REFUGE,4,NWR
Neal Smith National Wildlife Refuge,119503,NEAL SMITH NATIONAL WILDLIFE REFUGE,3,NWR
Necedah National Wildlife Refuge,119504,NECEDAH NATIONAL WILDLIFE REFUGE,3,NWR
Necedah Wildlife Management Area,119505,NECEDAH WILDLIFE MANAGEMENT AREA,3,WMA
Neches River National Wildlife Refuge,119506,NECHES RIVER NATIONAL WILDLIFE REFUGE,2,NWR
Nestucca Bay National Wildlife Refuge,119507,NESTUCCA BAY NATIONAL WILDLIFE REFUGE,1,NWR
Ninigret National Wildlife Refuge,119508,NINIGRET NATIONAL WILDLIFE REFUGE,5,NWR
Nomans Land Island National Wildlife Refuge,119512,NOMANS LAND ISLAND NATIONAL WILDLIFE REFUGE,5,NWR
North Central Valley Wildlife Management Area,119513,NORTH CENTRAL VALLEY WILDLIFE MANAGEMENT AREA,8,WMA
North Platte National Wildlife Refuge,119515,NORTH PLATTE NATIONAL WILDLIFE REFUGE,6,NWR
Northeast Montana Wetland Management District,119516,NORTHEAST MONTANA WETLAND MANAGEMENT DISTRICT,6,WMD
Northern Tallgrass Prairie National Wildlife Refuge,119517,NORTHERN TALLGRASS PRAIRIE NATIONAL WILDLIFE REFUGE,3,NWR
Northwest Montana Wetland Management District,119518,NORTHWEST MONTANA WETLAND MANAGEMENT DISTRICT,6,WMD
Nowitna National Wildlife Refuge,119519,NOWITNA NATIONAL WILDLIFE REFUGE,7,NWR
Oahu Forest National Wildlife Refuge,119520,OAHU FOREST NATIONAL WILDLIFE REFUGE,1,NWR
Occoquan Bay National Wildlife Refuge,119521,OCCOQUAN BAY NATIONAL WILDLIFE REFUGE,5,NWR
Ohio River Islands National Wildlife Refuge,119522,OHIO RIVER ISLANDS NATIONAL WILDLIFE REFUGE,5,NWR
Okefenokee National Wildlife Refuge,119523,OKEFENOKEE NATIONAL WILDLIFE REFUGE,4,NWR
Optima National Wildlife Refuge,119509,OPTIMA NATIONAL WILDLIFE REFUGE,2,NWR
Oregon Islands National Wildlife Refuge,119511,OREGON ISLANDS NATIONAL WILDLIFE REFUGE,1,NWR
Ottawa National Wildlife Refuge,119510,OTTAWA NATIONAL WILDLIFE REFUGE,3,NWR
Ouray National Wildlife Refuge,119524,OURAY NATIONAL WILDLIFE REFUGE,6,NWR
Overflow National Wildlife Refuge,119525,OVERFLOW NATIONAL WILDLIFE REFUGE,4,NWR
Oxbow National Wildlife Refuge,119526,OXBOW NATIONAL WILDLIFE REFUGE,5,NWR
Oyster Bay National Wildlife Refuge,119527,OYSTER BAY NATIONAL WILDLIFE REFUGE,5,NWR
Ozark Cavefish National Wildlife Refuge,119528,OZARK CAVEFISH NATIONAL WILDLIFE REFUGE,3,NWR
Ozark Plateau National Wildlife Refuge,119529,OZARK PLATEAU NATIONAL WILDLIFE REFUGE,2,NWR
Pahranagat National Wildlife Refuge,119530,PAHRANAGAT NATIONAL WILDLIFE REFUGE,8,NWR
Palmyra Atoll National Wildlife Refuge,119531,PALMYRA ATOLL NATIONAL WILDLIFE REFUGE,1,NWR
Panther Swamp National Wildlife Refuge,119532,PANTHER SWAMP NATIONAL WILDLIFE REFUGE,4,NWR
Parker River National Wildlife Refuge,119533,PARKER RIVER NATIONAL WILDLIFE REFUGE,5,NWR
Passage Key National Wildlife Refuge,119514,PASSAGE KEY NATIONAL WILDLIFE REFUGE,4,NWR
Pathfinder National Wildlife Refuge,119490,PATHFINDER NATIONAL WILDLIFE REFUGE,6,NWR
Patoka River National Wildlife Refuge,119491,PATOKA RIVER NATIONAL WILDLIFE REFUGE,3,NWR
Patuxent Research Refuge,119492,PATUXENT RESEARCH REFUGE,5,NWR
Pea Island National Wildlife Refuge,119495,PEA ISLAND NATIONAL WILDLIFE REFUGE,4,NWR
Pearl Harbor National Wildlife Refuge,119534,PEARL HARBOR NATIONAL WILDLIFE REFUGE,1,NWR
Pee Dee National Wildlife Refuge,119535,PEE DEE NATIONAL WILDLIFE REFUGE,4,NWR
Pelican Island National Wildlife Refuge,119536,PELICAN ISLAND NATIONAL WILDLIFE REFUGE,4,NWR
Petit Manan National Wildlife Refuge,119541,PETIT MANAN NATIONAL WILDLIFE REFUGE,5,NWR
Piedmont National Wildlife Refuge,119693,PIEDMONT NATIONAL WILDLIFE REFUGE,4,NWR
Pierce National Wildlife Refuge,119542,PIERCE NATIONAL WILDLIFE REFUGE,1,NWR
Pilot Knob National Wildlife Refuge,119543,PILOT KNOB NATIONAL WILDLIFE REFUGE,3,NWR
Pinckney Island National Wildlife Refuge,119544,PINCKNEY ISLAND NATIONAL WILDLIFE REFUGE,4,NWR
Pine Island National Wildlife Refuge,119545,PINE ISLAND NATIONAL WILDLIFE REFUGE,4,NWR
Pinellas National Wildlife Refuge,119546,PINELLAS NATIONAL WILDLIFE REFUGE,4,NWR
Pixley National Wildlife Refuge,119550,PIXLEY NATIONAL WILDLIFE REFUGE,8,NWR
Plum Tree Island National Wildlife Refuge,119551,PLUM TREE ISLAND NATIONAL WILDLIFE REFUGE,5,NWR
Pocosin Lakes National Wildlife Refuge,119552,POCOSIN LAKES NATIONAL WILDLIFE REFUGE,4,NWR
Pond Creek National Wildlife Refuge,119553,POND CREEK NATIONAL WILDLIFE REFUGE,4,NWR
Pond Island National Wildlife Refuge,119537,POND ISLAND NATIONAL WILDLIFE REFUGE,5,NWR
Port Louisa National Wildlife Refuge,119538,PORT LOUISA NATIONAL WILDLIFE REFUGE,3,NWR
Presquile National Wildlife Refuge,119539,PRESQUILE NATIONAL WILDLIFE REFUGE,5,NWR
Prime Hook National Wildlife Refuge,119540,PRIME HOOK NATIONAL WILDLIFE REFUGE,5,NWR
Protection Island National Wildlife Refuge,119554,PROTECTION ISLAND NATIONAL WILDLIFE REFUGE,1,NWR
Quivira National Wildlife Refuge,119555,QUIVIRA NATIONAL WILDLIFE REFUGE,6,NWR
Rachel Carson National Wildlife Refuge,119556,RACHEL CARSON NATIONAL WILDLIFE REFUGE,5,NWR
Rainwater Basin Wetland Management District,119557,RAINWATER BASIN WETLAND MANAGEMENT DISTRICT,6,WMD
Rappahannock River Valley National Wildlife Refuge,119558,RAPPAHANNOCK RIVER VALLEY NATIONAL WILDLIFE REFUGE,5,NWR
Red River National Wildlife Refuge,119559,RED RIVER NATIONAL WILDLIFE REFUGE,4,NWR
Red Rock Lakes National Wildlife Refuge,119560,RED ROCK LAKES NATIONAL WILDLIFE REFUGE,6,NWR
Reelfoot National Wildlife Refuge,119561,REELFOOT NATIONAL WILDLIFE REFUGE,4,NWR
Rice Lake National Wildlife Refuge,119562,RICE LAKE NATIONAL WILDLIFE REFUGE,3,NWR
Ridgefield National Wildlife Refuge,119563,RIDGEFIELD NATIONAL WILDLIFE REFUGE,1,NWR
Rio Mora National Wildlife Refuge And Conservation Area,119564,RIO MORA NATIONAL WILDLIFE REFUGE  AND CONSERVATION AREA,2,NWR
Roanoke River National Wildlife Refuge,119565,ROANOKE RIVER NATIONAL WILDLIFE REFUGE,4,NWR
Rock Lake National Wildlife Refuge,119566,ROCK LAKE NATIONAL WILDLIFE REFUGE,6,NWR
Rocky Flats National Wildlife Refuge,119568,ROCKY FLATS NATIONAL WILDLIFE REFUGE,6,NWR
Rocky Mountain Arsenal National Wildlife Refuge,119569,ROCKY MOUNTAIN ARSENAL NATIONAL WILDLIFE REFUGE,6,NWR
Rose Atoll National Wildlife Refuge,119570,ROSE ATOLL NATIONAL WILDLIFE REFUGE,1,NWR
Ruby Lake National Wildlife Refuge,119547,RUBY LAKE NATIONAL WILDLIFE REFUGE,8,NWR
Rydell National Wildlife Refuge,119548,RYDELL NATIONAL WILDLIFE REFUGE,3,NWR
Sabine National Wildlife Refuge,119549,SABINE NATIONAL WILDLIFE REFUGE,4,NWR
Sachuest Point National Wildlife Refuge,119571,SACHUEST POINT NATIONAL WILDLIFE REFUGE,5,NWR
Sacramento National Wildlife Refuge,119572,SACRAMENTO NATIONAL WILDLIFE REFUGE,8,NWR
Sacramento River National Wildlife Refuge,119573,SACRAMENTO RIVER NATIONAL WILDLIFE REFUGE,8,NWR
Saddle Mountain National Wildlife Refuge,119574,SADDLE MOUNTAIN NATIONAL WILDLIFE REFUGE,1,NWR
Salinas River National Wildlife Refuge,119575,SALINAS RIVER NATIONAL WILDLIFE REFUGE,8,NWR
Salt Plains National Wildlife Refuge,119577,SALT PLAINS NATIONAL WILDLIFE REFUGE,2,NWR
Sam D. Hamilton Noxubee National Wildlife Refuge,119578,SAM D. HAMILTON NOXUBEE NATIONAL WILDLIFE REFUGE,4,NWR
San Andres National Wildlife Refuge,119579,SAN ANDRES NATIONAL WILDLIFE REFUGE,2,NWR
San Bernard National Wildlife Refuge,119580,SAN BERNARD NATIONAL WILDLIFE REFUGE,2,NWR
San Bernardino National Wildlife Refuge,119581,SAN BERNARDINO NATIONAL WILDLIFE REFUGE,2,NWR
San Diego Bay National Wildlife Refuge,119582,SAN DIEGO BAY NATIONAL WILDLIFE REFUGE,8,NWR
San Diego National Wildlife Refuge,119583,SAN DIEGO NATIONAL WILDLIFE REFUGE,8,NWR
San Joaquin River National Wildlife Refuge,119584,SAN JOAQUIN RIVER NATIONAL WILDLIFE REFUGE,8,NWR
San Juan Islands National Wildlife Refuge,119585,SAN JUAN ISLANDS NATIONAL WILDLIFE REFUGE,1,NWR
San Luis National Wildlife Refuge,119586,SAN LUIS NATIONAL WILDLIFE REFUGE,8,NWR
San Pablo Bay National Wildlife Refuge,119587,SAN PABLO BAY NATIONAL WILDLIFE REFUGE,8,NWR
Sand Lake National Wildlife Refuge,119588,SAND LAKE NATIONAL WILDLIFE REFUGE,6,NWR
Sand Lake Wetland Management District,119589,SAND LAKE WETLAND MANAGEMENT DISTRICT,6,WMD
Sandy Point National Wildlife Refuge,119576,SANDY POINT NATIONAL WILDLIFE REFUGE,4,NWR
Santa Ana National Wildlife Refuge,119590,SANTA ANA NATIONAL WILDLIFE REFUGE,2,NWR
Santee National Wildlife Refuge,119591,SANTEE NATIONAL WILDLIFE REFUGE,4,NWR
Sauta Cave National Wildlife Refuge,119592,SAUTA CAVE NATIONAL WILDLIFE REFUGE,4,NWR
Savannah National Wildlife Refuge,119593,SAVANNAH NATIONAL WILDLIFE REFUGE,4,NWR
Seal Beach National Wildlife Refuge,119594,SEAL BEACH NATIONAL WILDLIFE REFUGE,8,NWR
Seal Island National Wildlife Refuge,119595,SEAL ISLAND NATIONAL WILDLIFE REFUGE,5,NWR
Seatuck National Wildlife Refuge,119567,SEATUCK NATIONAL WILDLIFE REFUGE,5,NWR
Seedskadee National Wildlife Refuge,119596,SEEDSKADEE NATIONAL WILDLIFE REFUGE,6,NWR
Selawik National Wildlife Refuge,119696,SELAWIK NATIONAL WILDLIFE REFUGE,7,NWR
Seney National Wildlife Refuge,119597,SENEY NATIONAL WILDLIFE REFUGE,3,NWR
Sequoyah National Wildlife Refuge,119599,SEQUOYAH NATIONAL WILDLIFE REFUGE,2,NWR
Sevilleta National Wildlife Refuge,119601,SEVILLETA NATIONAL WILDLIFE REFUGE,2,NWR
Shawangunk Grasslands National Wildlife Refuge,119602,SHAWANGUNK GRASSLANDS NATIONAL WILDLIFE REFUGE,5,NWR
Sheldon National Wildlife Refuge,119603,SHELDON NATIONAL WILDLIFE REFUGE,1,NWR
Shell Keys National Wildlife Refuge,119598,SHELL KEYS NATIONAL WILDLIFE REFUGE,4,NWR
Shell Lake National Wildlife Refuge,119600,SHELL LAKE NATIONAL WILDLIFE REFUGE,6,NWR
Sherburne National Wildlife Refuge,119611,SHERBURNE NATIONAL WILDLIFE REFUGE,3,NWR
Shiawassee National Wildlife Refuge,119612,SHIAWASSEE NATIONAL WILDLIFE REFUGE,3,NWR
Siletz Bay National Wildlife Refuge,119613,SILETZ BAY NATIONAL WILDLIFE REFUGE,1,NWR
Silvio O. Conte National Fish And Wildlife Refuge,119614,SILVIO O. CONTE NATIONAL FISH AND WILDLIFE REFUGE,5,NWR
Slade National Wildlife Refuge,119615,SLADE NATIONAL WILDLIFE REFUGE,6,NWR
Sonny Bono Salton Sea National Wildlife Refuge,119604,SONNY BONO SALTON SEA NATIONAL WILDLIFE REFUGE,8,NWR
Oxford Slough Waterfowl Production Area,119212,OXFORD SLOUGH WATERFOWL PRODUCTION AREA,1,WPA
Loess Bluffs National Wildlife Refuge,119605,LOESS BLUFFS NATIONAL WILDLIFE REFUGE,3,NWR
St. Catherine Creek National Wildlife Refuge,119606,ST. CATHERINE CREEK NATIONAL WILDLIFE REFUGE,4,NWR
St. Croix Wetland Management District,119607,ST. CROIX WETLAND MANAGEMENT DISTRICT,3,WMD
St. Johns National Wildlife Refuge,119608,ST. JOHNS NATIONAL WILDLIFE REFUGE,4,NWR
St. Marks National Wildlife Refuge,119609,ST. MARKS NATIONAL WILDLIFE REFUGE,4,NWR
St. Vincent National Wildlife Refuge,119610,ST. VINCENT NATIONAL WILDLIFE REFUGE,4,NWR
Steigerwald Lake National Wildlife Refuge,119618,STEIGERWALD LAKE NATIONAL WILDLIFE REFUGE,1,NWR
Stewart B. Mckinney National Wildlife Refuge,119616,STEWART B. MCKINNEY NATIONAL WILDLIFE REFUGE,5,NWR
Stewart Lake National Wildlife Refuge,119157,STEWART LAKE NATIONAL WILDLIFE REFUGE,6,NWR
Stillwater National Wildlife Refuge,119619,STILLWATER NATIONAL WILDLIFE REFUGE,8,NWR
Stone Lakes National Wildlife Refuge,119624,STONE LAKES NATIONAL WILDLIFE REFUGE,8,NWR
Storm Lake National Wildlife Refuge,119625,STORM LAKE NATIONAL WILDLIFE REFUGE,6,NWR
Stump Lake National Wildlife Refuge,119617,STUMP LAKE NATIONAL WILDLIFE REFUGE,6,NWR
Sullys Hill National Game Preserve,119620,SULLYS HILL NATIONAL GAME PRESERVE,6,NWR
Sunburst Lake National Wildlife Refuge,119621,SUNBURST LAKE NATIONAL WILDLIFE REFUGE,6,NWR
Sunkhaze Meadows National Wildlife Refuge,119622,SUNKHAZE MEADOWS NATIONAL WILDLIFE REFUGE,5,NWR
Supawna Meadows National Wildlife Refuge,119623,SUPAWNA MEADOWS NATIONAL WILDLIFE REFUGE,5,NWR
Susquehanna National Wildlife Refuge,119626,SUSQUEHANNA NATIONAL WILDLIFE REFUGE,5,NWR
Sutter National Wildlife Refuge,119627,SUTTER NATIONAL WILDLIFE REFUGE,8,NWR
Swan Lake National Wildlife Refuge,119628,SWAN LAKE NATIONAL WILDLIFE REFUGE,3,NWR
Swan River National Wildlife Refuge,119629,SWAN RIVER NATIONAL WILDLIFE REFUGE,6,NWR
Swanquarter National Wildlife Refuge,119630,SWANQUARTER NATIONAL WILDLIFE REFUGE,4,NWR
Tallahatchie National Wildlife Refuge,119631,TALLAHATCHIE NATIONAL WILDLIFE REFUGE,4,NWR
Tamarac National Wildlife Refuge,119632,TAMARAC NATIONAL WILDLIFE REFUGE,3,NWR
Tamarac Wetland Management District,119633,TAMARAC WETLAND MANAGEMENT DISTRICT,3,WMD
Target Rock National Wildlife Refuge,119634,TARGET ROCK NATIONAL WILDLIFE REFUGE,5,NWR
Ten Thousand Islands National Wildlife Refuge,119635,TEN THOUSAND ISLANDS NATIONAL WILDLIFE REFUGE,4,NWR
Tennessee National Wildlife Refuge,119636,TENNESSEE NATIONAL WILDLIFE REFUGE,4,NWR
Tensas River National Wildlife Refuge,119637,TENSAS RIVER NATIONAL WILDLIFE REFUGE,4,NWR
Tetlin National Wildlife Refuge,119694,TETLIN NATIONAL WILDLIFE REFUGE,7,NWR
Tewaukon National Wildlife Refuge,119638,TEWAUKON NATIONAL WILDLIFE REFUGE,6,NWR
Tewaukon Wetland Management District,119639,TEWAUKON WETLAND MANAGEMENT DISTRICT,6,WMD
Texas Point National Wildlife Refuge,119640,TEXAS POINT NATIONAL WILDLIFE REFUGE,2,NWR
Thacher Island National Wildlife Refuge,119642,THACHER ISLAND NATIONAL WILDLIFE REFUGE,5,NWR
Theodore Roosevelt National Wildlife Refuge,119644,THEODORE ROOSEVELT NATIONAL WILDLIFE REFUGE,4,NWR
Tijuana Slough National Wildlife Refuge,119641,TIJUANA SLOUGH NATIONAL WILDLIFE REFUGE,8,NWR
Tishomingo National Wildlife Refuge,119643,TISHOMINGO NATIONAL WILDLIFE REFUGE,2,NWR
Togiak National Wildlife Refuge,119692,TOGIAK NATIONAL WILDLIFE REFUGE,7,NWR
Toppenish National Wildlife Refuge,119645,TOPPENISH NATIONAL WILDLIFE REFUGE,1,NWR
Trempealeau National Wildlife Refuge,119646,TREMPEALEAU NATIONAL WILDLIFE REFUGE,3,NWR
Trinity River National Wildlife Refuge,119647,TRINITY RIVER NATIONAL WILDLIFE REFUGE,2,NWR
Trustom Pond National Wildlife Refuge,119650,TRUSTOM POND NATIONAL WILDLIFE REFUGE,5,NWR
Tualatin River National Wildlife Refuge,119651,TUALATIN RIVER NATIONAL WILDLIFE REFUGE,1,NWR
Tule Lake National Wildlife Refuge,119648,TULE LAKE NATIONAL WILDLIFE REFUGE,8,NWR
Turnbull National Wildlife Refuge,119649,TURNBULL NATIONAL WILDLIFE REFUGE,1,NWR
Two Ponds National Wildlife Refuge,119656,TWO PONDS NATIONAL WILDLIFE REFUGE,6,NWR
Two Rivers National Wildlife Refuge,119657,TWO RIVERS NATIONAL WILDLIFE REFUGE,3,NWR
Tybee National Wildlife Refuge,119659,TYBEE NATIONAL WILDLIFE REFUGE,4,NWR
Ul Bend National Wildlife Refuge,119660,UL BEND NATIONAL WILDLIFE REFUGE,6,NWR
Umatilla National Wildlife Refuge,119661,UMATILLA NATIONAL WILDLIFE REFUGE,1,NWR
Umbagog National Wildlife Refuge,119662,UMBAGOG NATIONAL WILDLIFE REFUGE,5,NWR
Union Slough National Wildlife Refuge,119663,UNION SLOUGH NATIONAL WILDLIFE REFUGE,3,NWR
Upper Klamath National Wildlife Refuge,119652,UPPER KLAMATH NATIONAL WILDLIFE REFUGE,8,NWR
Upper Mississippi River National Wildlife And Fish Refuge,119655,UPPER MISSISSIPPI RIVER NATIONAL WILDLIFE AND FISH REFUGE,3,NWR
Upper Ouachita National Wildlife Refuge,119653,UPPER OUACHITA NATIONAL WILDLIFE REFUGE,4,NWR
Upper Souris National Wildlife Refuge,119654,UPPER SOURIS NATIONAL WILDLIFE REFUGE,6,NWR
Valentine National Wildlife Refuge,119658,VALENTINE NATIONAL WILDLIFE REFUGE,6,NWR
Valle De Oro National Wildlife Refuge,119360,VALLE DE ORO NATIONAL WILDLIFE REFUGE,2,NWR
Valley City Wetland Management District,119361,VALLEY CITY WETLAND MANAGEMENT DISTRICT,6,WMD
Vieques National Wildlife Refuge,119362,VIEQUES NATIONAL WILDLIFE REFUGE,4,NWR
Waccamaw National Wildlife Refuge,119363,WACCAMAW NATIONAL WILDLIFE REFUGE,4,NWR
Wake Atoll National Wildlife Refuge,119366,WAKE ATOLL NATIONAL WILDLIFE REFUGE,1,NWR
Wallkill River National Wildlife Refuge,119367,WALLKILL RIVER NATIONAL WILDLIFE REFUGE,5,NWR
Wallops Island National Wildlife Refuge,119664,WALLOPS ISLAND NATIONAL WILDLIFE REFUGE,5,NWR
Wapack National Wildlife Refuge,119665,WAPACK NATIONAL WILDLIFE REFUGE,5,NWR
Wapanocca National Wildlife Refuge,119666,WAPANOCCA NATIONAL WILDLIFE REFUGE,4,NWR
Wapato Lake National Wildlife Refuge,119667,WAPATO LAKE NATIONAL WILDLIFE REFUGE,1,NWR
War Horse National Wildlife Refuge,119668,WAR HORSE NATIONAL WILDLIFE REFUGE,6,NWR
Washita National Wildlife Refuge,119669,WASHITA NATIONAL WILDLIFE REFUGE,2,NWR
Wassaw National Wildlife Refuge,119670,WASSAW NATIONAL WILDLIFE REFUGE,4,NWR
Watercress Darter National Wildlife Refuge,119671,WATERCRESS DARTER NATIONAL WILDLIFE REFUGE,4,NWR
Waubay National Wildlife Refuge,119672,WAUBAY NATIONAL WILDLIFE REFUGE,6,NWR
Waubay Wetland Management District,119673,WAUBAY WETLAND MANAGEMENT DISTRICT,6,WMD
Wertheim National Wildlife Refuge,119674,WERTHEIM NATIONAL WILDLIFE REFUGE,5,NWR
West Sister Island National Wildlife Refuge,119675,WEST SISTER ISLAND NATIONAL WILDLIFE REFUGE,3,NWR
Wheeler National Wildlife Refuge,119676,WHEELER NATIONAL WILDLIFE REFUGE,4,NWR
White Lake National Wildlife Refuge,119677,WHITE LAKE NATIONAL WILDLIFE REFUGE,6,NWR
Whittlesey Creek National Wildlife Refuge,119678,WHITTLESEY CREEK NATIONAL WILDLIFE REFUGE,3,NWR
Wichita Mountains Wildlife Refuge,119679,WICHITA MOUNTAINS WILDLIFE REFUGE,2,NWR
Willapa National Wildlife Refuge,119680,WILLAPA NATIONAL WILDLIFE REFUGE,1,NWR
William L. Finley National Wildlife Refuge,119681,WILLIAM L. FINLEY NATIONAL WILDLIFE REFUGE,1,NWR
Willow Creek-Lurline Wildlife Management Area,119682,WILLOW CREEK-LURLINE WILDLIFE MANAGEMENT AREA,8,WMA
Willow Lake National Wildlife Refuge,119683,WILLOW LAKE NATIONAL WILDLIFE REFUGE,6,NWR
Windom Wetland Management District,119684,WINDOM WETLAND MANAGEMENT DISTRICT,3,WMD
Wintering River National Wildlife Refuge,119685,WINTERING RIVER NATIONAL WILDLIFE REFUGE,6,NWR
Wolf Island National Wildlife Refuge,119686,WOLF ISLAND NATIONAL WILDLIFE REFUGE,4,NWR
Yazoo National Wildlife Refuge,119687,YAZOO NATIONAL WILDLIFE REFUGE,4,NWR
Yukon Delta National Wildlife Refuge,119698,YUKON DELTA NATIONAL WILDLIFE REFUGE,7,NWR
Yukon Flats National Wildlife Refuge,119697,YUKON FLATS NATIONAL WILDLIFE REFUGE,7,NWR
Bears Bluff National Fish Hatchery,126411,BEARS BLUFF NATIONAL FISH HATCHERY,4,NFH
Chattahoochee Forest National Fish Hatchery,126417,CHATTAHOOCHEE FOREST NATIONAL FISH HATCHERY,4,NFH
Dale Hollow National Fish Hatchery,126418,DALE HOLLOW NATIONAL FISH HATCHERY,4,NFH
Edenton National Fish Hatchery,126419,EDENTON NATIONAL FISH HATCHERY,4,NFH
Erwin National Fish Hatchery,126420,ERWIN NATIONAL FISH HATCHERY,4,NFH
Greers Ferry National Fish Hatchery,126421,GREERS FERRY NATIONAL FISH HATCHERY,4,NFH
Mammoth Spring National Fish Hatchery,126422,MAMMOTH SPRING NATIONAL FISH HATCHERY,4,NFH
Natchitoches National Fish Hatchery,126424,NATCHITOCHES NATIONAL FISH HATCHERY,4,NFH
Norfork National Fish Hatchery,126425,NORFORK NATIONAL FISH HATCHERY,4,NFH
Orangeburg National Fish Hatchery,126426,ORANGEBURG NATIONAL FISH HATCHERY,4,NFH
Private John Allen National Fish Hatchery,126427,PRIVATE JOHN ALLEN NATIONAL FISH HATCHERY,4,NFH
Warm Springs National Fish Hatchery,126428,WARM SPRINGS NATIONAL FISH HATCHERY,4,NFH
Welaka National Fish Hatchery,126429,WELAKA NATIONAL FISH HATCHERY,4,NFH
Wolf Creek National Fish Hatchery,126430,WOLF CREEK NATIONAL FISH HATCHERY,4,NFH
